ResellerSK,ResellerKey,GeographyKey,BusinessType,ResellerName
1,2,635,Specialty Bike Shop,Progressive Sports
2,12,96,Warehouse,Bikes and Motorbikes
3,18,474,Warehouse,Catalog Store
4,22,561,Value Added Reseller,Travel Systems
5,28,95,Value Added Reseller,Commuter Bicycle Store
6,36,447,Warehouse,Exotic Bikes
7,43,599,Value Added Reseller,Frugal Bike Shop
8,45,565,Warehouse,Every Bike Shop
9,56,547,Specialty Bike Shop,Latest Accessories Sales
10,62,569,Specialty Bike Shop,Manufacturers Inc
11,65,99,Specialty Bike Shop,Metro Manufacturing
12,68,148,Specialty Bike Shop,North Bike Company
13,77,359,Specialty Bike Shop,Mechanical Products Ltd.
14,79,388,Value Added Reseller,Reasonable Bicycle Sales
15,80,413,Specialty Bike Shop,Racks and Security Systems
16,84,78,Warehouse,Rewarding Activities Company
17,87,5,Warehouse,Rich Department Store
18,89,533,Specialty Bike Shop,Riverside Company
19,99,412,Warehouse,Unified Sports Company
20,100,81,Value Added Reseller,Up-To-Date Sports
21,101,96,Specialty Bike Shop,Urban Sports Emporium
22,115,512,Warehouse,Security Racks and Locks Wholesalers
23,124,270,Warehouse,Nearby Sporting Goods
24,134,568,Value Added Reseller,Budget Bike Company
25,138,68,Specialty Bike Shop,South Bike Company
26,148,431,Warehouse,Lots of Bikes Storehouse
27,157,204,Warehouse,Ace Bicycle Supply
28,159,11,Specialty Bike Shop,Uncompromising Quality Co
29,167,305,Value Added Reseller,Farthermost Bike Shop
30,175,183,Warehouse,Registered Cycle Store
31,181,538,Warehouse,Family Entertainment Center
32,193,180,Warehouse,Perfect Toys
33,199,635,Warehouse,Authorized Bike Sales and Rental
34,210,94,Specialty Bike Shop,Gasless Cycle Shop
35,211,205,Warehouse,Sports Products Store
36,214,242,Warehouse,Exclusive Bicycle Mart
37,230,122,Warehouse,Global Bike Retailers
38,233,521,Warehouse,Fashionable Department Stores
39,236,637,Warehouse,Closeout Boutique
40,237,432,Value Added Reseller,Client Discount Store
41,247,225,Specialty Bike Shop,Major Amusement Company
42,255,582,Value Added Reseller,Swift Cycles
43,258,356,Value Added Reseller,Quantity Discounts
44,259,371,Specialty Bike Shop,Highway Bike Shop
45,260,409,Warehouse,Industrial Supplies
46,263,46,Warehouse,Farthest Bike Store
47,264,94,Value Added Reseller,Fasteners & Bolts Outlet
48,266,119,Warehouse,Excellent Bikes
49,270,532,Value Added Reseller,Active Transport Inc.
50,280,75,Specialty Bike Shop,Standard Bikes
51,287,463,Warehouse,Handy Bike Services
52,289,635,Specialty Bike Shop,Moderately-Priced Bikes Store
53,296,280,Warehouse,Extreme Toy Store
54,307,633,Specialty Bike Shop,Riding Associates
55,309,582,Value Added Reseller,The Gear Store
56,310,437,Specialty Bike Shop,Orange Bicycle Company
57,313,316,Specialty Bike Shop,Metropolitan Manufacturing
58,336,107,Warehouse,Primary Bike Distributors
59,343,615,Value Added Reseller,Mail-Order Outlet
60,348,390,Warehouse,Bold Bike Accessories
61,352,42,Value Added Reseller,Twelfth Bike Store
62,353,72,Specialty Bike Shop,Two-Wheeled Transit Company
63,357,29,Warehouse,Quality Bike Sales
64,358,277,Value Added Reseller,Mail Market
65,359,525,Specialty Bike Shop,Mechanical Sports Center
66,363,486,Warehouse,Immense Manufacturing Company
67,376,230,Value Added Reseller,Commerce Bicycle Specialists
68,377,470,Specialty Bike Shop,Grand Sport Boutique
69,381,487,Warehouse,Bicycle Lines Distributors
70,385,324,Value Added Reseller,Sturdy Toys
71,390,98,Warehouse,Plastic Parts Company
72,391,194,Value Added Reseller,Pretty Bikes and Toys
73,396,446,Warehouse,Executive Gift Store
74,399,585,Warehouse,Big Cycle Mall
75,401,509,Specialty Bike Shop,Brightwork Company
76,410,168,Specialty Bike Shop,Pedaling Components
77,412,232,Value Added Reseller,Leisure Clearing House
78,430,233,Value Added Reseller,Uttermost Bike Shop
79,432,443,Warehouse,Super Sports Store
80,435,577,Warehouse,Satin Finish Company
81,436,576,Value Added Reseller,Sheet Metal Manufacturing
82,441,452,Specialty Bike Shop,Leading Bike Distributors
83,446,141,Value Added Reseller,Fitness Toys
84,462,61,Specialty Bike Shop,General Riding Supplies
85,476,421,Value Added Reseller,Noiseless Gear Company
86,479,113,Value Added Reseller,General Supplies
87,520,253,Warehouse,Metro Metals Co.
88,522,514,Specialty Bike Shop,Small Bike Accessories Shop
89,527,391,Value Added Reseller,Fun Times Club
90,529,303,Warehouse,Big-Time Bike Store
91,531,415,Specialty Bike Shop,Sunny Place Bikes
92,535,226,Warehouse,Spa and Exercise Outfitters
93,540,524,Specialty Bike Shop,Guaranteed Sales and Service
94,541,492,Warehouse,Nonskid Tire Company
95,546,390,Value Added Reseller,Field Trip Store
96,556,256,Specialty Bike Shop,Variety Cycling
97,563,286,Warehouse,Systematic Sales
98,574,246,Specialty Bike Shop,Area Sheet Metal Supply
99,593,529,Warehouse,Expert Sports Store
100,596,616,Warehouse,Coho Sports
101,605,641,Warehouse,Outstanding Cycles
102,606,651,Value Added Reseller,Little Bicycle Supply Shop
103,607,586,Specialty Bike Shop,Maintenance and Repair for Bicycles
104,612,405,Value Added Reseller,General Associates
105,615,158,Value Added Reseller,Fast Services
106,629,41,Warehouse,Efficient Cycling
107,632,212,Warehouse,Ultimate Bicycle Company
108,638,200,Warehouse,Metropolitan Equipment
109,645,536,Value Added Reseller,Superior Hardware Distributors
110,650,511,Warehouse,Permanent Finish Products
111,656,196,Specialty Bike Shop,Impervious Paint Company
112,659,248,Specialty Bike Shop,Shipping Specialists
113,661,41,Value Added Reseller,General Department Stores
114,662,185,Specialty Bike Shop,Finer Sporting Goods
115,663,137,Warehouse,Capital Riding Supplies
116,666,526,Warehouse,Bike Boutique
117,667,523,Value Added Reseller,Traditional Department Stores
118,677,88,Specialty Bike Shop,Tire Exchange
119,683,257,Specialty Bike Shop,Oils and Fluids Warehouse
120,684,396,Warehouse,Lease-a-Bike Shop
121,687,159,Warehouse,Functional Store South
122,693,540,Warehouse,Stock Parts and Supplies
123,700,494,Value Added Reseller,Underglaze and Finish Company
124,3,584,Warehouse,Advanced Bike Components
125,5,322,Specialty Bike Shop,Metropolitan Sports Supply
126,6,303,Warehouse,Aerobic Exercise Company
127,10,44,Value Added Reseller,Rural Cycle Emporium
128,14,167,Specialty Bike Shop,Bicycle Warehouse Inc.
129,16,247,Value Added Reseller,Bulk Discount Store
130,21,584,Warehouse,Chic Department Stores
131,23,364,Specialty Bike Shop,Bike World
132,24,376,Warehouse,Eastside Department Store
133,25,317,Value Added Reseller,Coalition Bike Company
134,33,6,Warehouse,Global Sports Outlet
135,38,491,Specialty Bike Shop,Finer Mart
136,39,477,Warehouse,Fitness Hotel
137,44,282,Specialty Bike Shop,Games and Sport Supply Company
138,47,95,Specialty Bike Shop,Greater Bike Store
139,49,188,Value Added Reseller,Neighborhood Bicycle Storehouse
140,55,544,Value Added Reseller,Kickstands and Accessories Company
141,61,323,Value Added Reseller,Many Bikes Store
142,67,213,Value Added Reseller,Self-Contained Cycle Parts Company
143,69,6,Warehouse,Online Bike Catalog
144,72,502,Warehouse,Outdoor Equipment Store
145,98,409,Specialty Bike Shop,Superlative Bikes
146,104,130,Specialty Bike Shop,Very Best Sports Supply
147,106,275,Value Added Reseller,West Side Mart
148,109,618,Value Added Reseller,Travel Sports
149,112,578,Warehouse,Town Industries
150,113,321,Value Added Reseller,Trendy Department Stores
151,121,182,Warehouse,Metro Sports Equipment
152,122,125,Value Added Reseller,Off-Price Bike Center
153,126,517,Specialty Bike Shop,Famous Bike Sales and Service
154,128,646,Value Added Reseller,Demand Distributors
155,142,268,Warehouse,Riding Cycles
156,149,392,Value Added Reseller,Initial Bike Company
157,154,68,Warehouse,Camping and Sports Store
158,155,96,Value Added Reseller,Corner Bicycle Supply
159,156,106,Specialty Bike Shop,Metal Processing Company
160,160,264,Warehouse,Vigorous Sports Store
161,165,578,Specialty Bike Shop,Third Bike Store
162,170,567,Value Added Reseller,Excellent Riding Supplies
163,171,425,Specialty Bike Shop,Eighty Toy Stores
164,172,61,Warehouse,Certified Sports Supply
165,179,531,Value Added Reseller,Fourth Bike Store
166,182,545,Value Added Reseller,Another Bicycle Company
167,186,507,Specialty Bike Shop,Thrilling Bike Tours
168,187,306,Warehouse,Trailblazing Sports
169,190,41,Warehouse,Racing Partners
170,197,466,Value Added Reseller,"Fabrikam Inc., West"
171,201,578,Specialty Bike Shop,Unsurpassed Bikes
172,212,134,Value Added Reseller,Enterprise Center
173,216,399,Specialty Bike Shop,Painters Bicycle Specialists
174,223,387,Specialty Bike Shop,Paints and Solvents Company
175,244,107,Specialty Bike Shop,Retail Discount Store
176,249,37,Value Added Reseller,Helpful Sales and Repair Service
177,254,608,Warehouse,Safe Cycles Shop
178,276,351,Value Added Reseller,Thrifty Parts and Sales
179,277,292,Specialty Bike Shop,The Bicycle Accessories Company
180,281,106,Warehouse,Petroleum Products Distributors
181,282,111,Value Added Reseller,Quick Parts and Service
182,285,11,Value Added Reseller,Nearest Bike Store
183,291,573,Value Added Reseller,Grand Bicycle Stores
184,293,597,Warehouse,Fashionable Bikes and Accessories
185,297,451,Value Added Reseller,Blue-Ribbon Bike Company
186,303,12,Value Added Reseller,Seaside Bike Works
187,304,227,Specialty Bike Shop,Essential Bike Works
188,308,616,Warehouse,Rugged Bikes
189,311,377,Warehouse,Principal Bike Company
190,319,220,Specialty Bike Shop,Cycles Sales and Repair
191,322,259,Specialty Bike Shop,Tachometers and Accessories
192,351,425,Warehouse,Acclaimed Bicycle Company
193,368,422,Specialty Bike Shop,Elemental Sporting Goods
194,369,449,Warehouse,Distinctive Cycles Sales & Service
195,379,547,Value Added Reseller,Fad Outlet
196,407,106,Specialty Bike Shop,Workout Emporium
197,408,61,Warehouse,Odometers and Accessories Company
198,418,652,Value Added Reseller,Good Bike Shop
199,420,370,Warehouse,Extreme Riding Supplies
200,424,91,Value Added Reseller,Bikes for Two
201,428,157,Specialty Bike Shop,West Wind Distributors
202,443,91,Value Added Reseller,Courteous Bicycle Specialists
203,445,222,Warehouse,First Center
204,454,560,Warehouse,Sleek Bikes
205,464,174,Value Added Reseller,Educational Services
206,473,288,Value Added Reseller,Racing Toys
207,490,588,Warehouse,Extraordinary Bike Works
208,497,61,Value Added Reseller,Valley Toy Store
209,501,7,Specialty Bike Shop,Jumbo Bikes
210,502,254,Warehouse,Metropolitan Bicycle Supply
211,509,291,Value Added Reseller,Fun Toys and Bikes
212,539,519,Value Added Reseller,Glossy Bikes
213,542,623,Value Added Reseller,Finer Parts Shop
214,544,484,Warehouse,Valley Bicycle Specialists
215,550,110,Specialty Bike Shop,Remote Bicycle Specialists
216,551,94,Warehouse,Vinyl and Plastic Goods Corporation
217,553,197,Specialty Bike Shop,Accessories Network
218,555,3,Value Added Reseller,Twin Cycles
219,557,457,Warehouse,Purchase Mart
220,561,593,Value Added Reseller,Mountain Toy Store
221,571,191,Specialty Bike Shop,Community Department Stores
222,573,14,Value Added Reseller,Nationwide Supply
223,579,475,Value Added Reseller,Riders Company
224,582,379,Value Added Reseller,Professional Sales and Service
225,586,106,Specialty Bike Shop,One Bike Company
226,595,535,Specialty Bike Shop,Cycle Clearance
227,601,600,Specialty Bike Shop,Transport Bikes
228,604,537,Specialty Bike Shop,Sellers of Cycles
229,611,402,Warehouse,Front Runner Bikes
230,621,609,Value Added Reseller,Running and Cycling Gear
231,627,497,Value Added Reseller,Exchange Parts Inc.
232,630,93,Value Added Reseller,Eastside Parts Shop
233,637,93,Specialty Bike Shop,Reliable Retail Center
234,644,549,Warehouse,Convenient Sales and Service
235,648,317,Value Added Reseller,Small Bike Shop
236,649,367,Specialty Bike Shop,Sports Products Store
237,655,102,Value Added Reseller,Operational Manufacturing
238,672,596,Warehouse,Utilitarian Sporting Goods
239,674,314,Specialty Bike Shop,Discount Tours
240,678,93,Warehouse,Vigorous Exercise Company
241,685,107,Value Added Reseller,Family Cycle Store
242,692,550,Specialty Bike Shop,Successful Sales Company
243,695,484,Specialty Bike Shop,Responsible Bike Dealers
244,17,605,Specialty Bike Shop,Trusted Catalog Store
245,27,568,Warehouse,Sports Sales and Rental
246,94,579,Value Added Reseller,Specialty Sports Store
247,95,353,Specialty Bike Shop,Rural Department Store
248,110,428,Value Added Reseller,Vintage Sport Boutique
249,117,427,Specialty Bike Shop,Pedals Warehouse
250,120,105,Specialty Bike Shop,Machines & Cycles Store
251,123,11,Specialty Bike Shop,First Supplies
252,139,215,Warehouse,Steel Inc.
253,146,637,Value Added Reseller,Latest Sports Equipment
254,166,580,Warehouse,Fitness Toy Store
255,177,24,Specialty Bike Shop,Plastic Products Manufacturers
256,183,432,Specialty Bike Shop,This Area Sporting Goods
257,205,285,Warehouse,Rally Master Company Inc
258,220,487,Specialty Bike Shop,Best o' Bikes
259,221,505,Warehouse,Bike Dealers Association
260,227,94,Warehouse,"Health Spa, Limited"
261,231,6,Value Added Reseller,Helmets and Cycles
262,232,228,Specialty Bike Shop,Exceptional Cycle Services
263,241,304,Specialty Bike Shop,Vale Riding Supplies
264,245,101,Warehouse,Leather Seat Factory
265,252,396,Value Added Reseller,Classic Cycle Store
266,253,633,Specialty Bike Shop,Roving Sports
267,286,266,Specialty Bike Shop,Number One Bike Co.
268,292,582,Specialty Bike Shop,Grease and Oil Products Company
269,299,73,Warehouse,Citywide Service and Repair
270,302,172,Warehouse,Best Cycle Store
271,320,145,Warehouse,Amalgamated Parts Shop
272,325,610,Specialty Bike Shop,All Cycle Shop
273,331,349,Value Added Reseller,Technical Parts Manufacturing
274,337,217,Value Added Reseller,Recreation Toy Store
275,344,616,Specialty Bike Shop,Fifth Bike Store
276,355,193,Value Added Reseller,Spare Parts Co.
277,380,654,Specialty Bike Shop,First Department Stores
278,387,282,Warehouse,Racing Association
279,392,147,Specialty Bike Shop,Primary Cycle Shop
280,398,430,Specialty Bike Shop,Commendable Bikes
281,414,441,Warehouse,Grand Discount Store
282,421,384,Value Added Reseller,Fitness Cycling
283,425,78,Specialty Bike Shop,Bikes for Kids and Adults
284,429,15,Warehouse,Unusual Bicycle Company
285,431,461,Specialty Bike Shop,Small Cycle Store
286,440,411,Value Added Reseller,Hobby Store
287,442,94,Warehouse,Original Bicycle Supply Company
288,451,544,Warehouse,Roadway Bike Emporium
289,458,404,Value Added Reseller,Simple Bike Parts
290,475,288,Warehouse,Real Sporting Goods
291,480,84,Specialty Bike Shop,General Bike Corporation
292,491,341,Value Added Reseller,Area Bike Accessories
293,494,409,Value Added Reseller,Worthwhile Activity Store
294,496,42,Warehouse,Top Sports Supply
295,505,619,Warehouse,Honest Repair Service
296,506,653,Value Added Reseller,Great Bikes
297,523,389,Warehouse,Futuristic Sport Distributors
298,530,411,Value Added Reseller,Valuable Bike Parts Company
299,538,245,Warehouse,Prosperous Tours
300,560,655,Warehouse,Major Sport Suppliers
301,572,156,Warehouse,Versatile Sporting Goods Company
302,578,633,Warehouse,The Bike Shop
303,594,502,Value Added Reseller,Casual Bicycle Store
304,597,582,Value Added Reseller,All Seasons Sports Supply
305,599,366,Warehouse,Westside Plaza
306,618,503,Value Added Reseller,Seventh Bike Store
307,622,438,Specialty Bike Shop,Gift and Toy Store
308,639,118,Value Added Reseller,Producer Goods Clearinghouse
309,660,462,Warehouse,Exhilarating Cycles
310,670,485,Value Added Reseller,First Bike Store
311,673,594,Value Added Reseller,Countryside Company
312,676,418,Value Added Reseller,Better Bike Shop
313,681,178,Warehouse,Showcase for Cycles
314,116,416,Value Added Reseller,Retirement Activities Association
315,143,393,Value Added Reseller,Modern Bike Store
316,153,403,Specialty Bike Shop,Widget Bicycle Specialists
317,164,551,Value Added Reseller,Suburban Cycle Shop
318,198,471,Specialty Bike Shop,Field Trip Inc
319,200,632,Value Added Reseller,Basic Bike Company
320,238,483,Specialty Bike Shop,A Great Bicycle Company
321,248,178,Warehouse,Good Bicycle Store
322,256,578,Specialty Bike Shop,Rental Bikes
323,275,334,Warehouse,Outdoor Sporting Goods
324,321,8,Value Added Reseller,Second Bike Shop
325,335,82,Specialty Bike Shop,Scratch-Resistant Finishes Company
326,354,41,Warehouse,Serious Cycles
327,386,559,Specialty Bike Shop,Touring Services
328,417,591,Warehouse,Genuine Bike Shop
329,467,603,Value Added Reseller,The Cycle Store
330,468,465,Specialty Bike Shop,Blue Bicycle Company
331,472,436,Warehouse,Summer Sports Place
332,478,61,Warehouse,Major Cycling
333,489,575,Specialty Bike Shop,Cash & Carry Bikes
334,495,407,Specialty Bike Shop,Tough and Reliable Parts
335,610,289,Specialty Bike Shop,Fitness Department Stores
336,617,263,Warehouse,Tubeless Tire Company
337,694,478,Value Added Reseller,The Accessories Store
338,699,496,Warehouse,Sensational Discount Store
339,1,637,Value Added Reseller,A Bike Store
340,7,599,Value Added Reseller,Associated Bikes
341,11,96,Specialty Bike Shop,Sharp Bikes
342,13,211,Value Added Reseller,Country Parts Shop
343,29,77,Specialty Bike Shop,Cross-Country Riding Supplies
344,32,177,Specialty Bike Shop,Precision Gears Inc.
345,35,555,Specialty Bike Shop,Economic Parts Supply
346,40,587,Value Added Reseller,Journey Sporting Goods
347,46,41,Value Added Reseller,Gear-Shift Bikes Limited
348,57,439,Warehouse,Leading Sales & Repair
349,58,432,Value Added Reseller,Largest Bike Store
350,60,328,Warehouse,Main Bicycle Services
351,66,48,Warehouse,Neighborhood Store
352,71,394,Specialty Bike Shop,Outdoor Distributors
353,73,630,Value Added Reseller,Outdoor Sports Supply
354,76,440,Value Added Reseller,Out-of-the-Way Hotels
355,78,349,Warehouse,Preferred Bikes
356,82,68,Value Added Reseller,Refined Department Stores
357,83,88,Specialty Bike Shop,Requisite Part Supply
358,91,536,Value Added Reseller,Scooters and Bikes Store
359,93,590,Warehouse,Stationary Bikes and Stands
360,102,96,Warehouse,National Manufacturing
361,105,1,Warehouse,Volume Bike Sellers
362,111,433,Specialty Bike Shop,Westside Cycle Store
363,127,634,Warehouse,Front Sporting Goods
364,132,392,Specialty Bike Shop,Another Sporting Goods Company
365,133,341,Warehouse,Commercial Sporting Goods
366,135,567,Specialty Bike Shop,Wonderful Bikes Inc.
367,137,41,Value Added Reseller,Transportation Options
368,144,522,Specialty Bike Shop,Only Bikes and Accessories
369,145,634,Warehouse,Raw Materials Inc
370,150,373,Specialty Bike Shop,Fleet Bikes
371,161,442,Value Added Reseller,Weekend Tours
372,168,297,Specialty Bike Shop,Economy Bikes Company
373,188,409,Value Added Reseller,Variety Bike Outlet
374,189,283,Specialty Bike Shop,Principal Bicycle Supply
375,192,96,Specialty Bike Shop,Nuts and Bolts Mfg.
376,194,150,Value Added Reseller,Mechanical Brake Manufacturers
377,203,342,Value Added Reseller,Separate Parts Corporation
378,204,374,Specialty Bike Shop,Traction Tire Company
379,208,96,Warehouse,Professional Cyclists
380,209,92,Value Added Reseller,Purple Bicycle Company
381,215,400,Value Added Reseller,Eleventh Bike Store
382,219,432,Value Added Reseller,Extras Sporting Goods
383,222,386,Value Added Reseller,Sample Bike Store
384,225,448,Value Added Reseller,Optimal Bikes
385,226,103,Specialty Bike Shop,Leisure Activities
386,234,443,Value Added Reseller,Eastside Sporting Goods
387,242,409,Warehouse,Spoke Manufacturers
388,243,406,Value Added Reseller,Recreation Supplies
389,265,202,Specialty Bike Shop,Full Sports Supply
390,269,527,Warehouse,Curbside Universe
391,274,476,Specialty Bike Shop,Active Systems
392,278,411,Warehouse,Tread Industries
393,288,473,Value Added Reseller,Kickstand Sellers
394,298,72,Specialty Bike Shop,City Cycling
395,300,90,Value Added Reseller,Nice Bikes
396,314,490,Warehouse,One-Piece Handle Bars
397,315,408,Value Added Reseller,Juvenile Sports Equipment
398,318,69,Value Added Reseller,First-Rate Outlet
399,324,516,Value Added Reseller,A Bicycle Association
400,326,622,Warehouse,Year-Round Sports
401,329,315,Specialty Bike Shop,"Unicycles, Bicycles, and Tricycles"
402,330,327,Warehouse,The New Bike Store
403,332,284,Specialty Bike Shop,Topnotch Bikes
404,333,563,Warehouse,Resident Cycle Shop
405,341,515,Specialty Bike Shop,Independent Outlet
406,342,443,Warehouse,Leather and Vinyl Manufacturing
407,346,435,Value Added Reseller,Great Bicycle Supply
408,347,378,Specialty Bike Shop,Bike Universe
409,362,641,Specialty Bike Shop,Grand Cycle Store
410,364,482,Value Added Reseller,District Mall
411,365,296,Specialty Bike Shop,Distinctive Store
412,366,309,Warehouse,Extended Bike Sales
413,370,41,Value Added Reseller,Acceptable Sales & Service
414,373,211,Value Added Reseller,Township Inn
415,374,135,Specialty Bike Shop,Major Equipment Co
416,375,22,Warehouse,Region Bike Company
417,384,365,Warehouse,Sparkling Paint and Finishes
418,388,68,Value Added Reseller,Road Way Sales and Rental
419,395,464,Specialty Bike Shop,Online Bike Sellers
420,397,637,Value Added Reseller,Capable Sales and Service
421,402,303,Warehouse,Pro Sporting Goods
422,403,333,Value Added Reseller,Affordable Sports Equipment
423,406,108,Value Added Reseller,The Commissary
424,409,181,Value Added Reseller,Outdoor Toy Store
425,413,513,Specialty Bike Shop,Margie's Travel
426,419,346,Specialty Bike Shop,Exertion Activities Club
427,423,488,Warehouse,Bike Rims Company
428,434,493,Specialty Bike Shop,Road-Way Mart
429,439,291,Warehouse,Regional Manufacturing
430,447,16,Specialty Bike Shop,Cross-town Parts Shop
431,450,456,Specialty Bike Shop,Bikes Anyone?
432,452,535,Value Added Reseller,A Cycle Shop
433,453,650,Specialty Bike Shop,Unique Bikes
434,456,330,Specialty Bike Shop,Riding Excursions
435,457,287,Warehouse,Retail Sporting Equipment
436,461,84,Value Added Reseller,Active Life Toys
437,463,211,Warehouse,Brand New Bikes
438,469,613,Warehouse,Vast Bike Sales and Rental
439,474,320,Specialty Bike Shop,Retail Cycle Shop
440,484,229,Warehouse,Downhill Bicycle Specialists
441,485,604,Value Added Reseller,Clamps & Brackets Co.
442,486,453,Specialty Bike Shop,Convenient Bike Shop
443,487,548,Warehouse,Bike Experts
444,498,84,Specialty Bike Shop,Quick Delivery Service
445,500,128,Value Added Reseller,Irregulars Outlet
446,507,592,Specialty Bike Shop,Global Sporting Goods
447,508,581,Warehouse,Designer Department Stores
448,511,363,Warehouse,Wheel Gallery
449,512,569,Value Added Reseller,Tiny Bike Boutique
450,513,450,Specialty Bike Shop,Village Tours
451,516,80,Specialty Bike Shop,Seats and Saddles Company
452,517,211,Warehouse,Racing Store
453,524,499,Value Added Reseller,Chain and Chain Tool Distributions
454,528,318,Specialty Bike Shop,Alpine Ski House
455,533,112,Value Added Reseller,Tenth Bike Store
456,534,84,Specialty Bike Shop,Recommended Bicycles
457,545,357,Value Added Reseller,Finish and Sealant Products
458,549,403,Value Added Reseller,Daring Rides
459,562,480,Specialty Bike Shop,Practical Bike Supply Company
460,564,510,Value Added Reseller,Imported and Domestic Cycles
461,566,489,Warehouse,eCommerce Bikes
462,567,570,Value Added Reseller,Global Plaza
463,568,94,Specialty Bike Shop,Economy Center
464,575,525,Warehouse,Bicycle Outfitters
465,577,642,Specialty Bike Shop,Synthetic Materials Manufacturing
466,583,290,Specialty Bike Shop,Professional Containers and Packaging Co.
467,584,426,Warehouse,Qualified Sales and Repair Services
468,585,567,Value Added Reseller,Next-Door Bike Store
469,588,47,Value Added Reseller,General Cycle Storehouse
470,589,198,Specialty Bike Shop,Hiatus Bike Tours
471,590,173,Warehouse,Lustrous Paints and Components
472,600,346,Value Added Reseller,Strenuous Exercise Shop
473,608,332,Warehouse,Golf and Cycle Store
474,619,518,Specialty Bike Shop,Strong Metal Manufacturing
475,623,479,Warehouse,Hardware Components
476,626,509,Warehouse,Retail Sporting Goods
477,628,409,Specialty Bike Shop,Executive Discount Store
478,641,252,Warehouse,Extended Tours
479,643,468,Specialty Bike Shop,Friendly Bike Shop
480,651,417,Value Added Reseller,Retread Tire Company
481,652,424,Specialty Bike Shop,Selected Distributors
482,654,74,Value Added Reseller,Online Bike Warehouse
483,665,255,Specialty Bike Shop,Authentic Sales and Service
484,671,591,Specialty Bike Shop,"Contoso, Ltd."
485,689,249,Specialty Bike Shop,Consumer Equipment
486,696,598,Warehouse,Roadway Supplies
487,698,595,Specialty Bike Shop,Western Bike Supplies
488,8,409,Specialty Bike Shop,Exemplary Cycles
489,15,6,Warehouse,Budget Toy Store
490,19,610,Value Added Reseller,Center Cycle Shop
491,20,622,Specialty Bike Shop,Central Discount Store
492,26,409,Specialty Bike Shop,Stylish Department Stores
493,30,110,Warehouse,Cycle Merchants
494,37,633,Value Added Reseller,Two Bike Shops
495,41,340,Specialty Bike Shop,Distant Inn
496,48,106,Warehouse,Grand Industries
497,52,239,Value Added Reseller,Instruments and Parts Company
498,53,454,Specialty Bike Shop,Incomparable Bicycle Store
499,59,380,Specialty Bike Shop,Locks Company
500,63,495,Warehouse,Metro Bike Mart
501,70,244,Value Added Reseller,Outdoor Aerobic Systems Company
502,74,547,Specialty Bike Shop,Parcel Express Delivery Service
503,81,409,Warehouse,Rally Day Mall
504,85,216,Value Added Reseller,Roadway Bicycle Supply
505,86,144,Specialty Bike Shop,Bicycle Exporters
506,92,647,Specialty Bike Shop,Sports Commodities
507,96,367,Warehouse,More Bikes!
508,103,222,Value Added Reseller,The Bike Outlet
509,107,455,Specialty Bike Shop,Wholesale Bikes
510,118,96,Warehouse,Rapid Bikes
511,125,398,Value Added Reseller,Immediate Repair Shop
512,129,440,Specialty Bike Shop,Discount Bicycle Specialists
513,136,41,Warehouse,Wholesale Parts
514,140,143,Value Added Reseller,Teen Discount Store
515,141,6,Specialty Bike Shop,Rental Gallery
516,147,432,Specialty Bike Shop,Local Hardware Factory
517,151,313,Warehouse,Futuristic Bikes
518,158,154,Value Added Reseller,Rural Sporting Goods
519,162,554,Specialty Bike Shop,Tire Company
520,169,508,Warehouse,Downtown Hotel
521,173,68,Value Added Reseller,Sundry Sporting Goods
522,174,67,Specialty Bike Shop,Toy Manufacturing Inc
523,180,467,Specialty Bike Shop,Full-Service Bike Store
524,184,574,Warehouse,Go-cart and Bike Specialists
525,191,96,Value Added Reseller,Non-Slip Pedal Company
526,195,12,Specialty Bike Shop,Inexpensive Parts Shop
527,202,589,Warehouse,Two-Seater Bikes
528,206,500,Value Added Reseller,New and Used Bicycles
529,207,498,Specialty Bike Shop,Lubricant and Grease Suppliers
530,217,640,Warehouse,City Manufacturing
531,224,281,Warehouse,Pedal Systems Company
532,228,87,Value Added Reseller,Home Town Bike Store
533,229,215,Specialty Bike Shop,Instant Cycle Store
534,235,626,Specialty Bike Shop,Certified Bicycle Supply
535,239,369,Warehouse,Bicycle Merchandise Warehouse
536,246,106,Value Added Reseller,Large Bike Shop
537,250,250,Specialty Bike Shop,Express Bike Services
538,257,319,Warehouse,Number 1 Supply
539,261,401,Value Added Reseller,Functional Store North
540,262,41,Specialty Bike Shop,General Industries
541,268,240,Specialty Bike Shop,Channel Outlet
542,272,642,Warehouse,Metro Cycle Shop
543,279,567,Value Added Reseller,Reliable Brake Systems
544,283,206,Specialty Bike Shop,Racing Supply Distributors
545,290,609,Warehouse,Friendly Bike Shop
546,294,381,Value Added Reseller,Flawless Bike Shop
547,295,351,Specialty Bike Shop,Engineered Bike Systems
548,301,204,Specialty Bike Shop,Rural Mountain Bike Mart
549,305,445,Warehouse,Professional Sporting Goods
550,312,313,Value Added Reseller,Resale Services
551,316,83,Specialty Bike Shop,Low Price Cycles
552,323,460,Warehouse,Metro Bike Works
553,327,487,Value Added Reseller,World of Bikes
554,334,98,Value Added Reseller,Retreat Inn
555,338,177,Specialty Bike Shop,Rambling Tours
556,345,583,Warehouse,Genial Bike Associates
557,349,362,Value Added Reseller,Exercise Center
558,350,569,Specialty Bike Shop,Mountain Emporium
559,356,132,Specialty Bike Shop,Speedometer Sales
560,360,470,Warehouse,Novelty Bikes
561,367,359,Value Added Reseller,Brown Bicycle Company
562,371,67,Specialty Bike Shop,Custom Sales and Service
563,378,534,Warehouse,Grown-up Bike Store
564,382,591,Value Added Reseller,Beneficial Exercises and Activities
565,383,354,Specialty Bike Shop,Vehicle Shop
566,389,67,Specialty Bike Shop,Sixth Bike Store
567,400,434,Value Added Reseller,Local Sales and Rental
568,404,562,Specialty Bike Shop,Activity Center
569,411,12,Warehouse,Kids and Adults Cycle Shop
570,415,641,Value Added Reseller,Imaginary Toys
571,416,643,Specialty Bike Shop,Impromptu Trips
572,422,558,Specialty Bike Shop,Consolidated Sales
573,426,76,Warehouse,Custom Accessories Company
574,433,624,Value Added Reseller,Thorough Parts and Repair Services
575,437,288,Value Added Reseller,Professional Cycle Store
576,438,509,Specialty Bike Shop,Remarkable Bike Store
577,444,41,Specialty Bike Shop,Finer Cycle Shop
578,448,276,Warehouse,Action Bicycle Specialists
579,455,293,Value Added Reseller,Timely Shipping Service
580,459,423,Specialty Bike Shop,Parts Shop
581,466,258,Warehouse,Central Bicycle Specialists
582,470,621,Value Added Reseller,Wingtip Toys
583,471,591,Specialty Bike Shop,Social Activities Club
584,477,414,Specialty Bike Shop,Quitting Business Distributors
585,481,182,Warehouse,Getaway Inn
586,488,429,Value Added Reseller,Bicycle Accessories and Kits
587,492,295,Specialty Bike Shop,Basic Sports Equipment
588,499,183,Warehouse,Racing Sales and Service
589,503,501,Value Added Reseller,Metropolitan Sales and Rental
590,504,469,Specialty Bike Shop,Historic Bicycle Sales
591,510,375,Specialty Bike Shop,World Bike Discount Store
592,514,61,Warehouse,Retail Mall
593,521,556,Value Added Reseller,Mobile Outlet
594,525,419,Specialty Bike Shop,Cycles and Scooters
595,532,79,Warehouse,The Showroom
596,536,165,Value Added Reseller,Next Door Cycles
597,543,649,Specialty Bike Shop,Friendly Neighborhood Bikes
598,547,382,Specialty Bike Shop,Curbside Sporting Goods
599,554,151,Warehouse,Top of the Line Bikes
600,558,504,Value Added Reseller,Retail Sales and Service
601,559,654,Specialty Bike Shop,Some Discount Store
602,565,381,Specialty Bike Shop,Metallic Paint and Overcoat Co
603,569,85,Warehouse,Designated Distributors
604,576,530,Value Added Reseller,The Bike Mechanics
605,580,591,Specialty Bike Shop,Rural Sales and Service
606,587,89,Warehouse,Our Sporting Goods Store
607,592,251,Specialty Bike Shop,Cycling Goods
608,598,481,Specialty Bike Shop,Black Bicycle Company
609,602,566,Warehouse,Ultimate Bike Shop
610,609,294,Value Added Reseller,Good Toys
611,613,97,Specialty Bike Shop,Famous Bike Shop
612,620,654,Warehouse,Tires and Tubes
613,624,289,Value Added Reseller,First Cycle Store
614,625,285,Specialty Bike Shop,Major Sporting Goods
615,631,93,Specialty Bike Shop,Tandem Sales and Service
616,635,235,Warehouse,Sports Store
617,642,459,Value Added Reseller,Fitness Sport Boutique
618,646,487,Specialty Bike Shop,Yellow Bicycle Company
619,653,93,Warehouse,Mercantile Outlet
620,657,136,Warehouse,Links Works
621,664,35,Value Added Reseller,Eastside Cycle Shop
622,668,619,Specialty Bike Shop,Official Parts Shop
623,675,410,Warehouse,Bike Goods
624,679,104,Value Added Reseller,Superb Sales and Repair
625,680,218,Specialty Bike Shop,Racing Tours
626,686,219,Specialty Bike Shop,Finished Parts Shop
627,690,528,Warehouse,Active Cycling
628,697,601,Value Added Reseller,Brakes and Gears
629,701,41,Warehouse,Future Bikes
630,9,568,Warehouse,Tandem Bicycle Store
631,31,201,Value Added Reseller,Wheels Inc.
632,42,345,Warehouse,Healthy Activity Store
633,64,95,Value Added Reseller,Metal Clearing House
634,75,580,Warehouse,Paint Supply
635,97,344,Value Added Reseller,Mountain Bike Center
636,108,459,Warehouse,Wheelsets Storehouse
637,119,109,Value Added Reseller,Red Bicycle Company
638,130,578,Warehouse,Elite Bikes
639,152,420,Value Added Reseller,Distance Bikes
640,163,541,Warehouse,Sports Merchandise
641,185,362,Value Added Reseller,Weekend Bike Tours
642,218,625,Value Added Reseller,Sure & Reliable Sporting Goods
643,240,350,Value Added Reseller,Wire Baskets and Parts
644,251,395,Warehouse,Endurance Bikes
645,284,153,Warehouse,Nearby Bike Mall
646,306,472,Value Added Reseller,Work and Play Association
647,317,45,Warehouse,Finer Riding Supplies
648,328,591,Value Added Reseller,Totes & Baskets Company
649,361,639,Value Added Reseller,Fitness Supplies
650,372,80,Warehouse,Top Bike Market
651,394,278,Value Added Reseller,Little Sports Center
652,405,564,Warehouse,Sporting Goods and Bicycle Shop
653,427,199,Value Added Reseller,Atypical Bike Company
654,449,606,Value Added Reseller,Bike Products and Accessories
655,460,100,Warehouse,Price-Cutter Discount Bikes
656,493,308,Warehouse,Valley Bicycle Distributors
657,515,86,Value Added Reseller,Rural Bicycle Supply
658,526,88,Warehouse,Finer Sales and Service
659,548,557,Warehouse,New Bikes Company
660,570,105,Value Added Reseller,Family's Favorite Bike Shop
661,581,506,Warehouse,Safe Toys
662,603,409,Value Added Reseller,Retail Toy Store
663,614,203,Warehouse,Favorite Toy Distributor
664,636,444,Value Added Reseller,Recreation Systems
665,647,571,Warehouse,Solid Bike Parts
666,658,1,Value Added Reseller,Mass Market Bikes
667,669,617,Warehouse,Racing Bike Outlet
668,691,397,Value Added Reseller,Mountain Bike Store
669,4,572,Value Added Reseller,Modular Cycle Systems
670,34,272,Value Added Reseller,Cycles Wholesaler & Mfg.
671,50,114,Specialty Bike Shop,Hometown Riding Supplies
672,51,28,Warehouse,Ideal Components
673,54,520,Warehouse,Larger Cycle Shop
674,88,260,Value Added Reseller,Closest Bicycle Store
675,90,602,Warehouse,Sales and Supply Company
676,114,360,Specialty Bike Shop,Two Wheels Cycle Store
677,131,317,Value Added Reseller,Eighth Bike Store
678,176,170,Value Added Reseller,Rodeway Bike Store
679,178,270,Warehouse,Rampart Amusement Company
680,196,260,Warehouse,Exhibition Showroom
681,213,38,Specialty Bike Shop,Fast Bike Works
682,267,35,Value Added Reseller,Cycle Parts and Accessories
683,271,645,Specialty Bike Shop,Alternative Vehicles
684,273,590,Value Added Reseller,A Typical Bike Shop
685,339,8,Warehouse,Major Bicycle Store
686,340,274,Value Added Reseller,Nearby Cycle Shop
687,393,9,Warehouse,Gears and Parts Company
688,465,17,Specialty Bike Shop,Expert Cycle Store
689,482,115,Value Added Reseller,"Fabrikam Inc., East"
690,483,14,Specialty Bike Shop,Fitness Bike Accessories
691,518,125,Value Added Reseller,Regional Cycle Shop
692,519,35,Specialty Bike Shop,List Price Catalog Company
693,537,14,Specialty Bike Shop,Preferable Bikes
694,552,94,Value Added Reseller,Consolidated Messenger
695,591,35,Value Added Reseller,Fitness Discount Store
696,616,8,Specialty Bike Shop,Eastward Bike Accessories
697,633,116,Value Added Reseller,Rustic Bike Store
698,634,14,Specialty Bike Shop,Sensible Sports
699,640,30,Specialty Bike Shop,Liquidation Sales
700,682,10,Value Added Reseller,Popular Bike Lines
701,688,18,Value Added Reseller,Bike Part Wholesalers
